{
  "prepare_queue": {
    "installed": [],
    "uninstalled": []
  },
  "config_munge": {
    "files": {
      "res/xml/config.xml": {
        "parents": {
          "/*": [
            {
              "xml": "<feature name=\"Keyboard\"><param name=\"android-package\" value=\"io.ionic.keyboard.IonicKeyboard\" /><param name=\"onload\" value=\"true\" /></feature>",
              "count": 1
            },
            {
              "xml": "<feature name=\"Device\"><param name=\"android-package\" value=\"org.apache.cordova.device.Device\" /></feature>",
              "count": 1
            },
            {
              "xml": "<feature name=\"Whitelist\"><param name=\"android-package\" value=\"org.apache.cordova.whitelist.WhitelistPlugin\" /><param name=\"onload\" value=\"true\" /></feature>",
              "count": 1
            },
            {
              "xml": "<feature name=\"SplashScreen\"><param name=\"android-package\" value=\"org.apache.cordova.splashscreen.SplashScreen\" /><param name=\"onload\" value=\"true\" /></feature>",
              "count": 1
            },
            {
              "xml": "<feature name=\"StatusBar\"><param name=\"android-package\" value=\"org.apache.cordova.statusbar.StatusBar\" /><param name=\"onload\" value=\"true\" /></feature>",
              "count": 1
            }
          ]
        }
      }
    }
  },
  "installed_plugins": {
    "ionic-plugin-keyboard": {
      "PACKAGE_NAME": "com.ionicframework.pulse474620"
    },
    "cordova-plugin-device": {
      "PACKAGE_NAME": "com.ionicframework.pulse474620"
    },
    "cordova-plugin-console": {
      "PACKAGE_NAME": "com.ionicframework.pulse474620"
    },
    "cordova-plugin-whitelist": {
      "PACKAGE_NAME": "com.ionicframework.pulse474620"
    },
    "cordova-plugin-splashscreen": {
      "PACKAGE_NAME": "com.ionicframework.pulse474620"
    },
    "cordova-plugin-statusbar": {
      "PACKAGE_NAME": "com.ionicframework.pulse474620"
    }
  },
  "dependent_plugins": {},
  "modules": [
    {
      "id": "ionic-plugin-keyboard.keyboard",
      "file": "plugins/ionic-plugin-keyboard/www/android/keyboard.js",
      "pluginId": "ionic-plugin-keyboard",
      "clobbers": [
        "cordova.plugins.Keyboard"
      ],
      "runs": true
    },
    {
      "id": "cordova-plugin-device.device",
      "file": "plugins/cordova-plugin-device/www/device.js",
      "pluginId": "cordova-plugin-device",
      "clobbers": [
        "device"
      ]
    },
    {
      "id": "cordova-plugin-splashscreen.SplashScreen",
      "file": "plugins/cordova-plugin-splashscreen/www/splashscreen.js",
      "pluginId": "cordova-plugin-splashscreen",
      "clobbers": [
        "navigator.splashscreen"
      ]
    },
    {
      "id": "cordova-plugin-statusbar.statusbar",
      "file": "plugins/cordova-plugin-statusbar/www/statusbar.js",
      "pluginId": "cordova-plugin-statusbar",
      "clobbers": [
        "window.StatusBar"
      ]
    }
  ],
  "plugin_metadata": {
    "ionic-plugin-keyboard": "2.2.1",
    "cordova-plugin-device": "1.1.7",
    "cordova-plugin-console": "1.0.7",
    "cordova-plugin-whitelist": "1.3.3",
    "cordova-plugin-splashscreen": "4.0.3",
    "cordova-plugin-statusbar": "2.2.3"
  }
}